<?xml version="1.0"?>
<char id="2634795" name="ENT TOP OBLIQUE by solarbaby" published="1" facing="left" thumb="2634796.swf" default="2634796.swf"><tags/><action id="2634796.swf" name="DEFAULT"/><action id="2634802.swf" name="sheilds up"/><action id="2634814.swf" name="sheilds down"/><action id="2634826.swf" name="sheild on"/><action id="2634902.swf" name=" continuous  torpedo"/><action id="2634931.swf" name="fire 1 torpedo"/><action id="4714269.swf" name="sheild on fire side phasers"/><action id="23699210.swf" name=" ZOOM"/><action id="24755852.swf" name=" shield on fire side phasers"/><action id="58555786.swf" name="escape pods"/></char>
