<?xml version="1.0" encoding="utf-8"?>
<list version="1.0"><fvm_meta theme_code="" is_biz="0"/>
<theme id="custom" name="Comedy World" file="custom\theme.xml" hitman="N" seg1="custom\custom.zip" seg2="custom\custom2.zip" thumb="" cc_theme_id=""/>
<theme id="politics2" name="White Houserz" file="retro\theme.xml" hitman="N" seg1="politics\politics2.zip" seg2="" thumb="ann-stand.swf" cc_theme_id=""/>
<theme id="anime" name="Anime" file="monstermsh\theme.xml" hitman="N" seg1="custom\custom.zip" seg2="custom\custom2.zip" thumb="" cc_theme_id=""/>
<theme id="aaa" name="Cartoon Classics" file="monstermsh\theme.xml" hitman="N" seg1="custom\custom.zip" seg2="custom\custom2.zip" thumb="" cc_theme_id=""/>
<theme id="bbb" name="Lil' Peepz" file="monstermsh\theme.xml" hitman="N" seg1="custom\custom.zip" seg2="custom\custom2.zip" thumb="" cc_theme_id=""/>
<theme id="ccc" name="Lil' Petz" file="monstermsh\theme.xml" hitman="N" seg1="custom\custom.zip" seg2="custom\custom2.zip" thumb="" cc_theme_id=""/>
<theme id="ddd" name="Chibi Peepz" file="monstermsh\theme.xml" hitman="N" seg1="custom\custom.zip" seg2="custom\custom2.zip" thumb="" cc_theme_id=""/>
<theme id="eee" name="Space Peepz" file="monstermsh\theme.xml" hitman="N" seg1="custom\custom.zip" seg2="custom\custom2.zip" thumb="" cc_theme_id=""/>
<theme id="fff" name="Chibi Ninjas" file="monstermsh\theme.xml" hitman="N" seg1="custom\custom.zip" seg2="custom\custom2.zip" thumb="" cc_theme_id=""/>
<theme id="ggg" name="Ninja Anime" file="monstermsh\theme.xml" hitman="N" seg1="custom\custom.zip" seg2="custom\custom2.zip" thumb="" cc_theme_id=""/>
<theme id="hhh" name="Space Citizen" file="monstermsh\theme.xml" hitman="N" seg1="custom\custom.zip" seg2="custom\custom2.zip" thumb="" cc_theme_id=""/>
<theme id="iii" name="Business Friendly" file="monstermsh\theme.xml" hitman="N" seg1="custom\custom.zip" seg2="custom\custom2.zip" thumb="" cc_theme_id=""/>
<theme id="jjj" name="Jungle Warfare" file="monstermsh\theme.xml" hitman="N" seg1="custom\custom.zip" seg2="custom\custom2.zip" thumb="" cc_theme_id=""/>
<theme id="kkk" name="Politics & Celebrity" file="monstermsh\theme.xml" hitman="N" seg1="custom\custom.zip" seg2="custom\custom2.zip" thumb="" cc_theme_id=""/>
<theme id="lll" name="Holiday & Seasonal" file="monstermsh\theme.xml" hitman="N" seg1="custom\custom.zip" seg2="custom\custom2.zip" thumb="" cc_theme_id=""/>
<theme id="mmm" name="Stick Figure" file="monstermsh\theme.xml" hitman="N" seg1="custom\custom.zip" seg2="custom\custom2.zip" thumb="" cc_theme_id=""/>
<theme id="nnn" name="Monsters Mayhem" file="monstermsh\theme.xml" hitman="N" seg1="custom\custom.zip" seg2="custom\custom2.zip" thumb="" cc_theme_id=""/>
<theme id="commu" name="Community" file="commu\theme.xml" hitman="N" seg1="custom\custom.zip" seg2="custom\custom2.zip" thumb="" cc_theme_id=""/>
<theme id="common" name="Common" file="common\theme.xml" hitman="N" seg1="common\common.zip" seg2="common\common2.zip" thumb="matchboy-stand.swf" cc_theme_id=""/><excludeAssetIDs/><points money="0" sharing="0"/></list>
