<?xml version="1.0"?>
<char id="1324346" name="FA Artist" published="1" facing="left" thumb="1324355.swf" default="1324355.swf"><tags/><action id="1324347.swf" name="artist gets easel back CS4"/><action id="1324354.swf" name="Artist yelling hey CS4"/><action id="1324355.swf" name="i need help moving hold CS4"/><action id="1324358.swf" name="woah doctor bills CS4"/><action id="1324479.swf" name="artist whats FA CS4"/><action id="1324480.swf" name="Artist painting CS4"/><action id="1324569.swf" name="i need help CS4"/><action id="199399952.swf" name="Jack New Crying"/><action id="199400095.swf" name="Jack New Good Job"/><action id="200378157.swf" name="Queen angry"/></char>
