<?xml version="1.0"?>
<char id="66712491" name="Darth Vader by Johnny Hotdog" published="1" facing="left" thumb="66712492.swf" default="66712492.swf"><tags>jhcharacters</tags><action id="66712492.swf" name="Darth Vader"/><action id="66712510.swf" name="darthvader_back"/><action id="66712570.swf" name="darthvader_back_slash"/><action id="66712584.swf" name="darthvader_back_slash_2"/><action id="66712591.swf" name="darthvader_psy"/><action id="66712641.swf" name="darthvader_front_slash"/><action id="66712759.swf" name="darthvader_walk"/><action id="66712878.swf" name="darthvader_credits"/></char>
