<?xml version="1.0"?>
<char id="1148845" name="PICARD" published="1" facing="left" thumb="1151155.swf" default="1151155.swf"><tags>dematerialise</tags><action id="1148846.swf" name=" dematerialise"/><action id="1148867.swf" name="materialise"/><action id="1151103.swf" name="walk"/><action id="1151155.swf" name="stand"/><action id="1177214.swf" name="PICARD walk2"/><action id="1186425.swf" name="PICARD STANDblink"/><action id="1186691.swf" name=" STAND Talk"/><action id="1191156.swf" name=" walk left"/><action id="1191182.swf" name="STAND Talkleft"/><action id="1191241.swf" name=" STAND blink right"/><action id="1192213.swf" name="SHOCKED"/><action id="1199177.swf" name="CALCULATE"/><action id="1205275.swf" name="sit"/><action id="1205289.swf" name=" sit left"/><action id="1205301.swf" name="sit talk"/><action id="1205303.swf" name=" sit left talk"/><action id="1208145.swf" name="TURD SHOCKED"/><action id="1208198.swf" name=" TURD STAND Talkleft"/><action id="1208227.swf" name="TURD STAND left"/><action id="1211241.swf" name="SHOCKED LEFT"/><action id="1211879.swf" name="SNIFFUP"/><action id="1212111.swf" name="MAKE IT SO"/><action id="1251971.swf" name="PICARD TURBULANCE LEFT"/><action id="1252428.swf" name="TURBULANCE RIGHT"/><action id="1260543.swf" name="STANDblinkbreathe"/><action id="1260544.swf" name="blink left breathe"/><action id="1268137.swf" name="ferengi tubulance"/><action id="1280975.swf" name="mucus walk left"/><action id="1280994.swf" name="MUCUS amp STAND TALK"/><action id="1284638.swf" name="walk talk left"/><action id="1339002.swf" name="MUCUS AMPUTATED"/><action id="1946022.swf" name="make it so right"/></char>
