<?xml version="1.0"?>
<char id="1198772" name="Dragon by Chaostoon" published="1" facing="left" thumb="1198773.swf" default="1198773.swf"><tags>chaostoon dragon</tags><action id="1198773.swf" name="Standing"/><action id="1198775.swf" name="Throw Fire and Hover"/><action id="1198777.swf" name="Fly"/><action id="1198779.swf" name="Landing from Fly"/><action id="1198784.swf" name="Roar / Throw Fire"/><action id="1198785.swf" name="Roar Hold"/><action id="1198787.swf" name="Sad"/><action id="1198788.swf" name="Takeoff"/><action id="1198789.swf" name="Thinking"/><action id="1198790.swf" name="Upset"/><action id="1198793.swf" name="Walk"/><action id="1198801.swf" name="Throw Fire Flying"/></char>
