<?xml version="1.0"?>
<char id="1680552" name="Hoot" published="1" facing="left" thumb="1680553.swf" default="1680553.swf"><tags>tethoot</tags><action id="1680553.swf" name="Standing"/><action id="1680794.swf" name="Sleeping"/><action id="1680909.swf" name="Talking"/><action id="1696746.swf" name="Credits"/><action id="1696921.swf" name="Look to side"/><action id="1764153.swf" name="Excited flap wings"/><action id="1764210.swf" name="Stand side"/><action id="1764293.swf" name="walk"/><action id="1764375.swf" name="Jump"/><action id="3786391.swf" name="Backview talking"/><action id="132008268.swf" name="walk and talk"/><action id="132785152.swf" name="Talk side"/></char>
