<?xml version="1.0"?>
<ugc id="ugc" name="ugc" moreBg="0" moreProp="0" moreVideoProp="0" moreChar="0" moreMovie="0"><effect id="328995073.swf" name="bubbles" type="ANIME" resize="false" move="false" published="1"><tags></tags></effect><effect id="328993953.swf" name="bubbles" type="ANIME" resize="false" move="false" published="1"><tags></tags></effect><effect id="823760.swf" name="warpspeed" type="ANIME" resize="false" move="false" published="1"><tags></tags></effect><effect id="1211151.swf" name="arrowfx" type="ANIME" resize="false" move="false" published="1"><tags></tags></effect></ugc>
