<?xml version="1.0"?>
<char id="1498163" name="Kung Fu Cat by cool34606" published="1" facing="left" thumb="1498164.swf" default="1498164.swf"><tags>kung fu cat,cool34606kfc</tags><action id="1498164.swf" name="Kung Fu Cat Stand Front"/><action id="1498381.swf" name="KFC Double Kick Front"/><action id="1498715.swf" name="KFC Fighting Stance"/><action id="1498981.swf" name="KFC Fighting Stance Walk"/><action id="1508763.swf" name="KFC Fighting Stance Punch"/><action id="1508930.swf" name="KFC Fighting Stance kick"/><action id="1508986.swf" name="Kung Fu Cat credits"/><action id="1509040.swf" name="KFC Fighting Stance energyblast"/><action id="1509249.swf" name="KFC Fighting Stance Talk"/><action id="1509260.swf" name="KFC Sitting"/><action id="1509485.swf" name="KFC Talk"/><action id="1510725.swf" name="KFC Stand Side"/><action id="1515229.swf" name="KFC Walk"/><action id="1588452.swf" name="KFC Fighting Stance Scratch"/><action id="1588455.swf" name="KFC Get knocked Out"/><action id="1588461.swf" name="KFC Knocked Out"/><action id="1764037.swf" name="KFC Get Hit"/></char>
