<?xml version="1.0"?>
<char id="66709814" name="Knuckles by Johnny Hotdog" published="1" facing="left" thumb="66709815.swf" default="66709815.swf"><tags>jhcharacters</tags><action id="66709815.swf" name="Knuckles"/><action id="66709876.swf" name="knuckles_ball"/><action id="66709921.swf" name="knuckles_ball_running"/><action id="66709932.swf" name="knuckles_run"/><action id="66709960.swf" name="knuckles_run2"/><action id="66709967.swf" name="knuckles_standby"/><action id="66712993.swf" name="knuckles_credits"/></char>
