<?xml version="1.0"?>
<char id="1164668" name="DALEK by section31" published="1" facing="left" thumb="1164669.swf" default="1164669.swf"><tags/><action id="1164669.swf" name="default"/><action id="1202469.swf" name="movehead"/><action id="1202491.swf" name="exterminate"/><action id="1202516.swf" name="wide beam exterminate"/><action id="1202541.swf" name="blackdalekdefault"/><action id="1202542.swf" name="blackdalekmovehead"/><action id="1202543.swf" name="blackdalekexterminate"/><action id="1731087.swf" name="reddalek1explode"/></char>
