<?xml version="1.0"?>
<char id="1306082" name="CATWOMAN" published="1" facing="left" thumb="1306181.swf" default="1306181.swf"><tags/><action id="1306135.swf" name="scheming"/><action id="1306164.swf" name="walk"/><action id="1306181.swf" name="stand"/><action id="1307395.swf" name="kiss"/><action id="1985062.swf" name="threaten"/><action id="1985067.swf" name=" murdered"/><action id="1985105.swf" name="talk"/><action id="1985156.swf" name=" think"/><action id="1985823.swf" name="on bike"/></char>
