<?xml version="1.0"?>
<char id="1154816" name="ROMULAN WARBIRD" published="1" facing="left" thumb="1154817.swf" default="1154817.swf"><tags/><action id="1154817.swf" name="default"/><action id="1154820.swf" name="default"/><action id="1154919.swf" name=" fire disruptors"/><action id="1154924.swf" name="continuous fire"/><action id="1154936.swf" name="fire tirpedoes"/><action id="1154972.swf" name="decloak"/><action id="1156192.swf" name=" shield hit"/><action id="1156270.swf" name="shields up"/><action id="1156296.swf" name="shields and torpedos"/><action id="1156315.swf" name="torpedoesdisruptors"/><action id="1156318.swf" name="shields/torpedoes/disruptors"/><action id="1156331.swf" name="diruptors shields"/><action id="1156356.swf" name="LOWER SHIELDS"/><action id="1156428.swf" name="shields down"/><action id="1918427.swf" name="decloak melt"/><action id="1918470.swf" name="cloak melt"/></char>
