<?xml version="1.0" encoding="utf-8"?>
<list version="1.0"><fvm_meta theme_code="" is_biz="0"/>
<theme id="custom" name="Comedy World" file="custom\theme.xml" hitman="N" seg1="custom\custom.zip" seg2="custom\custom2.zip" thumb="" cc_theme_id=""/>
<theme id="politics2" name="White Houserz" file="retro\theme.xml" hitman="N" seg1="politics\politics2.zip" seg2="" thumb="ann-stand.swf" cc_theme_id=""/>
<theme id="anime" name="Anime" file="monstermsh\theme.xml" hitman="N" seg1="custom\custom.zip" seg2="custom\custom2.zip" thumb="" cc_theme_id=""/>
<theme id="fullenergy" name="Full Energy" file="fullenergy\theme.xml" hitman="N" seg1="fullenergy\fullenergy.zip" seg2="fullenergy\fullenergy.zip" thumb="dave_char-stand.swf" cc_theme_id=""/>
<theme id="ben10" name="Ben 10" file="ben10\theme.xml" hitman="N" seg1="ben10\ben10.zip" seg2="ben10\ben10.zip" thumb="dave_char-stand.swf" cc_theme_id=""/>
<theme id="chowder" name="Chowder" file="chowder\theme.xml" hitman="N" seg1="chowder\chowder.zip" seg2="chowder\chowder.zip" thumb="dave_char-stand.swf" cc_theme_id=""/>
<theme id="aaaa" name="Star Trek Quogs" file="startrek\theme.xml" hitman="N" seg1="startrek\startrek.zip" seg2="startrek\startrek.zip" thumb="cliff-stand.swf" cc_theme_id=""/>
<theme id="sf" name="Street Fighter" file="sf\theme.xml" hitman="N" seg1="sf\sf.zip" seg2="sf\sf.zip" thumb="cliff-stand.swf" cc_theme_id=""/>
<theme id="bunny" name="It's Happy Bunny" file="bunny\theme.xml" hitman="N" seg1="bunny\bunny.zip" seg2="bunny\bunny.zip" thumb="cliff-stand.swf" cc_theme_id=""/>
<theme id="domo" name="Domo" file="domo\theme.xml" hitman="N" seg1="domo\domo.zip" seg2="domo\domo.zip" thumb="cliff-stand.swf" cc_theme_id=""/>
<theme id="underdog" name="Saturday Morning TV" file="underdog\theme.xml" hitman="N" seg1="underdog\underdog.zip" seg2="underdog\underdog.zip" thumb="underdog_char-standing.swf" cc_theme_id=""/>
<theme id="akon" name="Akon" file="akon\theme.xml" hitman="N" seg1="akon\akon.zip" seg2="akon\akon.zip" thumb="dave_char-stand.swf" cc_theme_id=""/>
<theme id="willie" name="Willie" file="willie\theme.xml" hitman="N" seg1="willie\willie.zip" seg2="willie\willie.zip" thumb="dave_char-stand.swf" cc_theme_id=""/>
<theme id="monkeytalk" name="Monkey" file="monkeytalk\theme.xml" hitman="N" seg1="monkeytalk\monkeytalk.zip" seg2="monkeytalk\monkeytalk.zip" thumb="dave_char-stand.swf" cc_theme_id=""/>
<word></word><whiteword></whiteword><excludeAssetIDs/><points money="0" sharing="0"/></list>
