<?xml version="1.0"?>
<char id="2179798" name="Chaostoons Wolfman" published="1" facing="left" thumb="2179814.swf" default="2179814.swf"><tags>chaostoon wolfman</tags><action id="2179800.swf" name="Wolf Step Forward"/><action id="2179802.swf" name="Wolf Back Breathing"/><action id="2179803.swf" name="Wolf Look Over Shoulder"/><action id="2179804.swf" name="Wolf Scary Look"/><action id="2179806.swf" name="Wolf Howl All Fours"/><action id="2179808.swf" name="Wolf Howl All Fours Night"/><action id="2179809.swf" name="Wolf Eye Squint"/><action id="2179810.swf" name="Wolf Running"/><action id="2179812.swf" name="Wolf Running Night"/><action id="2179813.swf" name="Wolf Dramatic Jaw Open"/><action id="2179814.swf" name="Wolf Standing"/><action id="2179815.swf" name="Wolf Howl Standing"/><action id="2179820.swf" name="Wolf Howl Standing Night"/><action id="2179826.swf" name="Wolf Walking"/></char>
