<?xml version="1.0"?>
<char id="1164896" name="enterprise by solarbaby" published="1" facing="left" thumb="1164903.swf" default="1164903.swf"><tags/><action id="1164900.swf" name=" battledamaged"/><action id="1164903.swf" name="default1"/><action id="1164943.swf" name="shields2"/><action id="1893019.swf" name="enterprise redphasers"/><action id="1893020.swf" name="enterprise torpedos"/><action id="1893624.swf" name="enterprise explode"/><action id="2622755.swf" name="enterprise battledamagednofire"/><action id="2628022.swf" name="leaving warp"/><action id="2633455.swf" name="ENT TOP ZOOM"/><action id="2633476.swf" name="ENT TOP OBLIQUE"/><action id="3422424.swf" name="enterprise silhouette"/><action id="4943041.swf" name="enterprise default tholian web trapped"/><action id="4984750.swf" name="enterprise default tholian web warp"/><action id="5066009.swf" name="materialise"/><action id="5066013.swf" name="dematerialise"/><action id="5066164.swf" name="leaving warp2"/></char>
