<?xml version="1.0"?>
<char id="87303429" name="Sonic by Chaostoon" published="1" facing="left" thumb="87305017.swf" default="87305017.swf"><tags/><action id="87303430.swf" name="Ball Rolling"/><action id="87303987.swf" name="Eat a Chilidog"/><action id="87304035.swf" name="Run 3"/><action id="87304062.swf" name="Homing"/><action id="87304085.swf" name="Homing Attack"/><action id="87304104.swf" name="Kick"/><action id="87304308.swf" name="Punch"/><action id="87304380.swf" name="Revv up Rolling Ball"/><action id="87304409.swf" name="Run 1"/><action id="87304503.swf" name="Stop"/><action id="87304548.swf" name="Spinball"/><action id="87304585.swf" name="Standing"/><action id="87304647.swf" name="Super Sonic flying"/><action id="87304677.swf" name="Angry"/><action id="87304739.swf" name="Happy"/><action id="87304775.swf" name="Laugh"/><action id="87304820.swf" name="Taunt"/><action id="87304851.swf" name="Thumbs Up"/><action id="87304920.swf" name="Super Sonic Transform"/><action id="87304942.swf" name="Super Sonic Transform Back"/><action id="87304960.swf" name="Turn into Spinball"/><action id="87305017.swf" name="Waiting"/><action id="87306283.swf" name="Run 2"/></char>
