<?xml version="1.0"?>
<char id="1814132" name="Demon Biker by Charles Zippel" published="1" facing="left" thumb="1814133.swf" default="1814133.swf"><tags>czdemonbiker</tags><action id="1814133.swf" name="Stand"/><action id="1814135.swf" name="Stand Talk"/><action id="1814136.swf" name="Walk"/><action id="1814137.swf" name="Fighting Stance"/><action id="1814140.swf" name="Energy Blast Position"/><action id="1814141.swf" name="Point Arm"/><action id="1814144.swf" name="Punch"/><action id="1814146.swf" name="Sit"/><action id="1814149.swf" name="Motorbike Only"/><action id="1814150.swf" name="Ride Motorbike Slow"/><action id="1814161.swf" name="Ride Motorbike Fast"/><action id="1814162.swf" name="Credits"/><action id="1814222.swf" name="Get Hit"/><action id="1814225.swf" name="Get Knocked Out"/><action id="1814226.swf" name="Knocked Out"/><action id="1835556.swf" name="Double Punch"/><action id="1839298.swf" name="Ride Motorbike stopped"/></char>
