<?xml version="1.0"?>
<char id="4645322" name="ENTERPRISE AFT by solarbaby" published="1" facing="left" thumb="4645323.swf" default="4645323.swf"><tags/><action id="4645323.swf" name="enterprise aft default"/><action id="4645345.swf" name="enterprise aft fire phasers"/><action id="4675082.swf" name="fire phasers torps"/><action id="4675084.swf" name="fire torps"/><action id="4753097.swf" name="shuttle leave"/><action id="4753110.swf" name="shuttle land"/><action id="4753942.swf" name="shuttle doors close"/><action id="5043080.swf" name="ent aft fire top phasers"/><action id="23597553.swf" name="ent aft going to warp"/><action id="24227886.swf" name="enterprise aft fire phasers torps sound"/><action id="50132269.swf" name="leaking warp plasma"/><action id="50132346.swf" name="damaged nacelle"/><action id="53863841.swf" name="enterprise aft shuttle decompress"/><action id="56563035.swf" name="shuttle approachandland"/><action id="79490714.swf" name="enterprise aft OMEGA FLASH"/></char>
